31336	Neural_Networks
1061127	Theory
1106406	Reinforcement_Learning
13195	Reinforcement_Learning
37879	Probabilistic_Methods
1126012	Theory
1107140	Case_Based
1102850	Neural_Networks
31349	Neural_Networks
1106418	Theory
1123188	Neural_Networks
1128990	Genetic_Algorithms
109323	Probabilistic_Methods
217139	Case_Based
31353	Neural_Networks
32083	Neural_Networks
1126029	Theory
1118017	Neural_Networks
49482	Neural_Networks
753265	Theory
249858	Theory
1113739	Reinforcement_Learning
48766	Genetic_Algorithms
646195	Probabilistic_Methods
1126050	Theory
59626	Theory
340299	Neural_Networks
354004	Probabilistic_Methods
242637	Neural_Networks
1106492	Theory
74975	Case_Based
1152272	Neural_Networks
100701	Case_Based
66982	Neural_Networks
13960	Reinforcement_Learning
13966	Reinforcement_Learning
66990	Neural_Networks
182093	Genetic_Algorithms
182094	Genetic_Algorithms
13972	Reinforcement_Learning
13982	Theory
16819	Probabilistic_Methods
273152	Genetic_Algorithms
237521	Neural_Networks
1153703	Case_Based
32872	Probabilistic_Methods
284025	Neural_Networks
218666	Case_Based
16843	Probabilistic_Methods
1153724	Case_Based
1153728	Case_Based
158098	Probabilistic_Methods
8699	Neural_Networks
1134865	Genetic_Algorithms
28456	Theory
248425	Genetic_Algorithms
1112319	Theory
28471	Reinforcement_Learning
175548	Neural_Networks
696345	Neural_Networks
28485	Reinforcement_Learning
1139195	Genetic_Algorithms
35778	Probabilistic_Methods
28491	Reinforcement_Learning
310530	Case_Based
1153784	Neural_Networks
1481	Case_Based
1153786	Case_Based
13212	Neural_Networks
1111614	Case_Based
5055	Theory
4329	Probabilistic_Methods
330148	Neural_Networks
1105062	Neural_Networks
4330	Neural_Networks
5062	Case_Based
4335	Probabilistic_Methods
158812	Neural_Networks
40124	Probabilistic_Methods
1103610	Theory
688361	Neural_Networks
302545	Probabilistic_Methods
20534	Reinforcement_Learning
1031453	Neural_Networks
5086	Probabilistic_Methods
193742	Neural_Networks
58268	Rule_Learning
424	Neural_Networks
40151	Neural_Networks
636098	Theory
260121	Neural_Networks
950052	Case_Based
434	Neural_Networks
1131270	Neural_Networks
1131274	Probabilistic_Methods
1131277	Probabilistic_Methods
1110947	Case_Based
662279	Neural_Networks
1139928	Reinforcement_Learning
153063	Probabilistic_Methods
134199	Genetic_Algorithms
641956	Neural_Networks
20584	Theory
1130567	Reinforcement_Learning
171225	Neural_Networks
714879	Probabilistic_Methods
37998	Rule_Learning
50336	Probabilistic_Methods
50337	Probabilistic_Methods
15429	Theory
23448	Neural_Networks
1122574	Neural_Networks
1110998	Neural_Networks
853150	Neural_Networks
15431	Neural_Networks
646286	Probabilistic_Methods
1152307	Case_Based
1115291	Probabilistic_Methods
1106547	Reinforcement_Learning
68463	Case_Based
59715	Genetic_Algorithms
69198	Neural_Networks
7272	Neural_Networks
163235	Neural_Networks
7276	Neural_Networks
34315	Probabilistic_Methods
644843	Probabilistic_Methods
7297	Neural_Networks
628815	Neural_Networks
35061	Genetic_Algorithms
68495	Rule_Learning
1136310	Probabilistic_Methods
18313	Genetic_Algorithms
34355	Theory
45212	Neural_Networks
1153091	Theory
8703	Case_Based
126920	Probabilistic_Methods
126927	Probabilistic_Methods
595157	Genetic_Algorithms
140005	Theory
1117476	Genetic_Algorithms
59798	Neural_Networks
219446	Neural_Networks
44514	Neural_Networks
287787	Genetic_Algorithms
157401	Neural_Networks
1154500	Reinforcement_Learning
682666	Reinforcement_Learning
399173	Case_Based
198866	Case_Based
51834	Rule_Learning
200630	Neural_Networks
782486	Reinforcement_Learning
1136393	Probabilistic_Methods
137849	Probabilistic_Methods
1153811	Rule_Learning
24966	Neural_Networks
11148	Rule_Learning
51866	Probabilistic_Methods
24974	Neural_Networks
137868	Probabilistic_Methods
28542	Neural_Networks
35	Genetic_Algorithms
116021	Theory
348305	Rule_Learning
10430	Case_Based
39403	Reinforcement_Learning
40	Genetic_Algorithms
282700	Neural_Networks
1105116	Probabilistic_Methods
35854	Theory
63477	Case_Based
124064	Reinforcement_Learning
1120431	Neural_Networks
949318	Neural_Networks
649944	Rule_Learning
63486	Genetic_Algorithms
1153866	Rule_Learning
1140040	Neural_Networks
1112426	Neural_Networks
239800	Neural_Networks
1131314	Probabilistic_Methods
1153891	Case_Based
1129835	Rule_Learning
310653	Probabilistic_Methods
1130600	Reinforcement_Learning
1111733	Neural_Networks
210871	Neural_Networks
210872	Neural_Networks
1132083	Neural_Networks
132806	Genetic_Algorithms
12631	Probabilistic_Methods
12638	Neural_Networks
38771	Neural_Networks
232605	Rule_Learning
232606	Neural_Networks
1107312	Probabilistic_Methods
1114605	Neural_Networks
68505	Theory
133553	Neural_Networks
144408	Neural_Networks
23502	Neural_Networks
1108050	Neural_Networks
23507	Neural_Networks
83826	Neural_Networks
133563	Neural_Networks
85299	Neural_Networks
49660	Theory
593060	Genetic_Algorithms
341188	Reinforcement_Learning
714975	Probabilistic_Methods
1115375	Probabilistic_Methods
95435	Reinforcement_Learning
145176	Probabilistic_Methods
1113934	Case_Based
1132809	Rule_Learning
22835	Neural_Networks
1153148	Theory
41714	Genetic_Algorithms
1118245	Reinforcement_Learning
1152436	Case_Based
1153166	Case_Based
1153169	Theory
38000	Rule_Learning
1152448	Case_Based
1137140	Theory
30895	Theory
5966	Genetic_Algorithms
1136422	Neural_Networks
27174	Neural_Networks
1128407	Case_Based
1124844	Neural_Networks
1153195	Neural_Networks
1113995	Neural_Networks
1136442	Neural_Networks
8821	Rule_Learning
46079	Reinforcement_Learning
119761	Neural_Networks
1111052	Probabilistic_Methods
315789	Genetic_Algorithms
1108841	Neural_Networks
1135746	Neural_Networks
100935	Genetic_Algorithms
353541	Genetic_Algorithms
60682	Theory
253762	Probabilistic_Methods
8872	Genetic_Algorithms
714260	Probabilistic_Methods
137956	Rule_Learning
35922	Probabilistic_Methods
2354	Case_Based
168410	Reinforcement_Learning
346292	Neural_Networks
1153933	Neural_Networks
1119751	Theory
17798	Theory
400356	Neural_Networks
10531	Probabilistic_Methods
1110390	Case_Based
714289	Probabilistic_Methods
733167	Neural_Networks
81714	Case_Based
428610	Neural_Networks
552469	Theory
164885	Genetic_Algorithms
81722	Case_Based
111866	Theory
194617	Neural_Networks
93318	Reinforcement_Learning
134307	Probabilistic_Methods
203646	Theory
367312	Neural_Networks
650814	Genetic_Algorithms
93320	Reinforcement_Learning
134315	Probabilistic_Methods
134316	Probabilistic_Methods
976334	Reinforcement_Learning
1095507	Theory
134320	Probabilistic_Methods
662416	Neural_Networks
194645	Reinforcement_Learning
1131421	Neural_Networks
161221	Neural_Networks
38839	Case_Based
38846	Neural_Networks
133615	Probabilistic_Methods
1112574	Theory
521207	Case_Based
3828	Neural_Networks
593105	Genetic_Algorithms
390693	Neural_Networks
642847	Probabilistic_Methods
1122704	Neural_Networks
4584	Neural_Networks
7419	Genetic_Algorithms
30901	Theory
1115456	Neural_Networks
7432	Reinforcement_Learning
573553	Neural_Networks
1022969	Case_Based
143801	Neural_Networks
612306	Rule_Learning
417017	Reinforcement_Learning
396412	Neural_Networks
1107455	Reinforcement_Learning
91975	Reinforcement_Learning
180187	Rule_Learning
27203	Theory
1152508	Genetic_Algorithms
69392	Neural_Networks
1118332	Neural_Networks
189577	Theory
1114777	Case_Based
75969	Neural_Networks
1132922	Neural_Networks
1153254	Rule_Learning
1117618	Theory
6767	Theory
27241	Neural_Networks
27246	Neural_Networks
95589	Reinforcement_Learning
6771	Theory
86840	Theory
108962	Probabilistic_Methods
6786	Probabilistic_Methods
108963	Probabilistic_Methods
108974	Probabilistic_Methods
1117653	Neural_Networks
1152569	Genetic_Algorithms
1132968	Neural_Networks
370366	Theory
108983	Probabilistic_Methods
399339	Reinforcement_Learning
64319	Theory
1110426	Rule_Learning
1102407	Neural_Networks
1127812	Neural_Networks
1128542	Neural_Networks
65057	Probabilistic_Methods
159084	Theory
159085	Probabilistic_Methods
65074	Probabilistic_Methods
33895	Genetic_Algorithms
2440	Rule_Learning
1717	Neural_Networks
249421	Neural_Networks
3187	Probabilistic_Methods
591016	Rule_Learning
1110494	Neural_Networks
29492	Neural_Networks
400473	Neural_Networks
644334	Probabilistic_Methods
949511	Neural_Networks
205192	Neural_Networks
763009	Neural_Networks
169280	Neural_Networks
1120643	Genetic_Algorithms
645088	Probabilistic_Methods
5348	Neural_Networks
124296	Neural_Networks
1121398	Genetic_Algorithms
950305	Neural_Networks
567018	Neural_Networks
52000	Neural_Networks
52003	Neural_Networks
52007	Neural_Networks
58540	Reinforcement_Learning
436796	Neural_Networks
948846	Neural_Networks
8213	Reinforcement_Learning
671293	Neural_Networks
1131550	Genetic_Algorithms
899119	Rule_Learning
1105394	Reinforcement_Learning
85452	Theory
1112686	Probabilistic_Methods
69418	Neural_Networks
8224	Theory
145315	Rule_Learning
575077	Genetic_Algorithms
20850	Theory
44017	Theory
1135125	Neural_Networks
286562	Neural_Networks
1123553	Reinforcement_Learning
1135137	Neural_Networks
325314	Neural_Networks
662572	Neural_Networks
159897	Probabilistic_Methods
1130856	Genetic_Algorithms
96335	Case_Based
755082	Neural_Networks
1123576	Neural_Networks
1103979	Neural_Networks
593260	Genetic_Algorithms
601567	Case_Based
1119140	Neural_Networks
189655	Probabilistic_Methods
31769	Neural_Networks
1107567	Neural_Networks
88356	Probabilistic_Methods
1033	Genetic_Algorithms
1034	Genetic_Algorithms
1106849	Neural_Networks
16470	Neural_Networks
35343	Neural_Networks
16471	Neural_Networks
1154074	Neural_Networks
16476	Neural_Networks
23774	Reinforcement_Learning
16485	Neural_Networks
136665	Neural_Networks
94953	Probabilistic_Methods
9708	Case_Based
38205	Genetic_Algorithms
645897	Probabilistic_Methods
216877	Rule_Learning
18619	Theory
559804	Probabilistic_Methods
6898	Probabilistic_Methods
166420	Theory
787016	Genetic_Algorithms
73146	Probabilistic_Methods
1136634	Theory
1111230	Neural_Networks
3218	Rule_Learning
3229	Neural_Networks
193347	Rule_Learning
84020	Theory
3231	Theory
52847	Theory
193352	Neural_Networks
193354	Rule_Learning
1110531	Case_Based
686532	Theory
711598	Theory
1063773	Neural_Networks
3243	Theory
78994	Neural_Networks
181782	Reinforcement_Learning
284414	Theory
114189	Probabilistic_Methods
686559	Neural_Networks
253971	Neural_Networks
1106103	Theory
1114125	Reinforcement_Learning
75318	Neural_Networks
45599	Genetic_Algorithms
97892	Rule_Learning
446271	Probabilistic_Methods
1106112	Neural_Networks
280876	Probabilistic_Methods
12182	Theory
175909	Case_Based
64484	Reinforcement_Learning
6125	Theory
1120713	Neural_Networks
1114153	Case_Based
12197	Theory
248823	Reinforcement_Learning
919885	Neural_Networks
94229	Neural_Networks
1120731	Reinforcement_Learning
23069	Probabilistic_Methods
6151	Neural_Networks
6155	Reinforcement_Learning
23070	Probabilistic_Methods
644448	Probabilistic_Methods
1112723	Probabilistic_Methods
31097	Neural_Networks
6169	Reinforcement_Learning
1106172	Reinforcement_Learning
6170	Reinforcement_Learning
211875	Theory
1109017	Genetic_Algorithms
5454	Neural_Networks
6184	Reinforcement_Learning
10796	Theory
10798	Neural_Networks
1120777	Neural_Networks
86258	Case_Based
154134	Neural_Networks
6196	Reinforcement_Learning
20920	Theory
20923	Case_Based
22386	Case_Based
1131639	Neural_Networks
77515	Theory
93555	Neural_Networks
17201	Reinforcement_Learning
644494	Probabilistic_Methods
17208	Probabilistic_Methods
1125082	Neural_Networks
1131647	Neural_Networks
74698	Probabilistic_Methods
13652	Neural_Networks
20942	Theory
390894	Probabilistic_Methods
390896	Probabilistic_Methods
1125092	Neural_Networks
13656	Neural_Networks
1116347	Theory
13658	Neural_Networks
114966	Neural_Networks
120013	Neural_Networks
1117089	Reinforcement_Learning
57948	Theory
334153	Theory
160732	Theory
1154103	Neural_Networks
12946	Probabilistic_Methods
1104787	Neural_Networks
17242	Probabilistic_Methods
321861	Theory
189721	Probabilistic_Methods
1119211	Neural_Networks
12960	Theory
95718	Neural_Networks
6910	Neural_Networks
180373	Rule_Learning
6917	Theory
358884	Probabilistic_Methods
887	Theory
180399	Neural_Networks
358894	Probabilistic_Methods
1154169	Probabilistic_Methods
120084	Neural_Networks
1120019	Neural_Networks
1152711	Probabilistic_Methods
1154176	Genetic_Algorithms
424540	Neural_Networks
1118546	Probabilistic_Methods
643003	Probabilistic_Methods
112099	Case_Based
1104007	Theory
1120049	Neural_Networks
175256	Genetic_Algorithms
45605	Neural_Networks
15889	Case_Based
35490	Case_Based
221302	Case_Based
562123	Neural_Networks
1104031	Case_Based
1129442	Probabilistic_Methods
1129443	Theory
1137466	Genetic_Algorithms
328370	Neural_Networks
1103315	Neural_Networks
12210	Theory
1104055	Neural_Networks
64519	Genetic_Algorithms
114	Reinforcement_Learning
1109873	Neural_Networks
128	Reinforcement_Learning
12238	Theory
1112099	Theory
18774	Probabilistic_Methods
18777	Probabilistic_Methods
130	Reinforcement_Learning
23116	Probabilistic_Methods
948299	Neural_Networks
6209	Reinforcement_Learning
197054	Reinforcement_Learning
6210	Reinforcement_Learning
6213	Neural_Networks
6214	Reinforcement_Learning
6216	Reinforcement_Learning
6217	Reinforcement_Learning
2653	Theory
2658	Neural_Networks
753047	Theory
188318	Neural_Networks
74700	Probabilistic_Methods
67415	Probabilistic_Methods
6220	Reinforcement_Learning
2665	Neural_Networks
28957	Probabilistic_Methods
143323	Case_Based
340075	Neural_Networks
1949	Case_Based
1953	Case_Based
1955	Case_Based
1959	Case_Based
390922	Neural_Networks
22431	Theory
1113541	Neural_Networks
1132418	Neural_Networks
628500	Reinforcement_Learning
648106	Neural_Networks
1104809	Neural_Networks
4804	Theory
648112	Neural_Networks
33301	Case_Based
33303	Case_Based
267824	Neural_Networks
1138970	Neural_Networks
13717	Rule_Learning
1131719	Rule_Learning
1120866	Neural_Networks
1106287	Genetic_Algorithms
755217	Neural_Networks
647408	Genetic_Algorithms
1116410	Neural_Networks
1132459	Neural_Networks
1105574	Neural_Networks
1133196	Genetic_Algorithms
307336	Theory
906	Neural_Networks
1131745	Neural_Networks
1131748	Neural_Networks
910	Neural_Networks
943	Case_Based
31927	Neural_Networks
101261	Reinforcement_Learning
101263	Theory
31932	Neural_Networks
779960	Neural_Networks
1135358	Theory
1154230	Probabilistic_Methods
1135368	Neural_Networks
28227	Reinforcement_Learning
32688	Neural_Networks
189856	Probabilistic_Methods
27510	Theory
27514	Neural_Networks
1154276	Neural_Networks
27530	Neural_Networks
1152821	Neural_Networks
28265	Case_Based
103430	Neural_Networks
27543	Neural_Networks
39126	Theory
28278	Reinforcement_Learning
39131	Case_Based
10169	Theory
28287	Reinforcement_Learning
1129518	Probabilistic_Methods
1272	Rule_Learning
194223	Probabilistic_Methods
10177	Theory
18811	Probabilistic_Methods
18812	Probabilistic_Methods
73327	Case_Based
1117942	Reinforcement_Learning
15984	Probabilistic_Methods
202522	Probabilistic_Methods
1152858	Neural_Networks
1152859	Neural_Networks
10183	Case_Based
81350	Reinforcement_Learning
259126	Genetic_Algorithms
13024	Neural_Networks
1120170	Reinforcement_Learning
46452	Rule_Learning
26850	Neural_Networks
18832	Reinforcement_Learning
18833	Neural_Networks
82098	Genetic_Algorithms
103482	Neural_Networks
158614	Theory
46468	Neural_Networks
71904	Neural_Networks
80656	Neural_Networks
29708	Reinforcement_Learning
1128839	Neural_Networks
1128846	Neural_Networks
12330	Neural_Networks
240321	Neural_Networks
1128853	Neural_Networks
219976	Case_Based
38480	Reinforcement_Learning
12350	Theory
1104191	Neural_Networks
7022	Neural_Networks
63931	Rule_Learning
68224	Neural_Networks
1110768	Neural_Networks
384428	Neural_Networks
1107041	Case_Based
1114352	Neural_Networks
1107062	Genetic_Algorithms
288	Neural_Networks
1107067	Neural_Networks
91581	Neural_Networks
39904	Neural_Networks
6334	Theory
123825	Neural_Networks
23258	Case_Based
66805	Genetic_Algorithms
6346	Rule_Learning
55968	Reinforcement_Learning
368431	Probabilistic_Methods
179702	Neural_Networks
1140547	Neural_Networks
1114388	Case_Based
90888	Neural_Networks
510715	Neural_Networks
33412	Neural_Networks
188471	Reinforcement_Learning
1152143	Rule_Learning
1120962	Neural_Networks
1125258	Neural_Networks
648232	Neural_Networks
143476	Case_Based
1152150	Neural_Networks
1117249	Neural_Networks
25413	Neural_Networks
1152162	Neural_Networks
241821	Probabilistic_Methods
350362	Neural_Networks
1116530	Neural_Networks
61069	Genetic_Algorithms
1110000	Probabilistic_Methods
646809	Genetic_Algorithms
1105698	Probabilistic_Methods
1152194	Neural_Networks
198653	Genetic_Algorithms
1116569	Neural_Networks
77758	Theory
854434	Rule_Learning
1128151	Genetic_Algorithms
1123867	Theory
191404	Reinforcement_Learning
1116594	Neural_Networks
126793	Probabilistic_Methods
43639	Neural_Networks
44368	Genetic_Algorithms
97390	Genetic_Algorithms
87915	Probabilistic_Methods
131117	Neural_Networks
8581	Neural_Networks
27606	Theory
1115886	Genetic_Algorithms
184157	Reinforcement_Learning
8594	Rule_Learning
1152904	Neural_Networks
1120211	Neural_Networks
28350	Neural_Networks
1152910	Reinforcement_Learning
27627	Theory
649731	Neural_Networks
308920	Probabilistic_Methods
289780	Case_Based
289781	Genetic_Algorithms
19621	Neural_Networks
1129608	Theory
1365	Neural_Networks
103543	Probabilistic_Methods
28387	Reinforcement_Learning
28389	Reinforcement_Learning
43698	Neural_Networks
54550	Case_Based
1129621	Neural_Networks
46536	Neural_Networks
1129629	Genetic_Algorithms
294126	Case_Based
568857	Genetic_Algorithms
447224	Theory
38537	Probabilistic_Methods
1152975	Case_Based
34979	Theory
1104261	Theory
139865	Neural_Networks
56709	Genetic_Algorithms
1128945	Neural_Networks
19697	Neural_Networks
107177	Neural_Networks
1131165	Probabilistic_Methods
1128959	Genetic_Algorithms
152219	Neural_Networks
184918	Neural_Networks
16008	Neural_Networks
1122425	Reinforcement_Learning
928873	Neural_Networks
206259	Reinforcement_Learning
714748	Probabilistic_Methods
1131189	Probabilistic_Methods
217115	Theory
560936	Neural_Networks
1131198	Genetic_Algorithms
1128985	Neural_Networks
466170	Case_Based
429805	Case_Based
561674	Probabilistic_Methods
654177	Case_Based
95225	Theory
37884	Probabilistic_Methods
37888	Probabilistic_Methods
1128997	Genetic_Algorithms
545647	Theory
42207	Theory
42209	Theory
82920	Genetic_Algorithms
128202	Theory
128203	Theory
1134056	Neural_Networks
1102873	Neural_Networks
42221	Theory
1107171	Case_Based
1133338	Genetic_Algorithms
67633	Case_Based
375825	Probabilistic_Methods
48781	Theory
75674	Reinforcement_Learning
289088	Neural_Networks
1152244	Probabilistic_Methods
13917	Neural_Networks
75695	Neural_Networks
34257	Neural_Networks
1117348	Probabilistic_Methods
574710	Genetic_Algorithms
34263	Neural_Networks
1128204	Genetic_Algorithms
34266	Neural_Networks
1128208	Genetic_Algorithms
1116629	Neural_Networks
110162	Case_Based
110163	Case_Based
110164	Case_Based
628751	Neural_Networks
708945	Neural_Networks
1123926	Rule_Learning
1152277	Neural_Networks
77826	Case_Based
77829	Case_Based
8617	Neural_Networks
242663	Probabilistic_Methods
8619	Neural_Networks
628764	Neural_Networks
628766	Neural_Networks
1125393	Case_Based
66986	Neural_Networks
646913	Genetic_Algorithms
578309	Neural_Networks
18251	Case_Based
1152290	Neural_Networks
954315	Case_Based
212107	Probabilistic_Methods
578337	Neural_Networks
907845	Neural_Networks
1127530	Probabilistic_Methods
1128267	Reinforcement_Learning
28412	Reinforcement_Learning
594387	Genetic_Algorithms
1127541	Probabilistic_Methods
44455	Genetic_Algorithms
45188	Theory
45189	Theory
62607	Rule_Learning
1127551	Neural_Networks
1123991	Theory
1127558	Probabilistic_Methods
105057	Theory
1128291	Genetic_Algorithms
1127566	Probabilistic_Methods
1154459	Genetic_Algorithms
218682	Case_Based
28447	Reinforcement_Learning
1153736	Theory
62634	Genetic_Algorithms
211432	Theory
112378	Case_Based
1113035	Probabilistic_Methods
1118848	Neural_Networks
137790	Genetic_Algorithms
217984	Neural_Networks
949217	Neural_Networks
28473	Reinforcement_Learning
1104300	Probabilistic_Methods
1105033	Genetic_Algorithms
11093	Neural_Networks
696342	Neural_Networks
696343	Neural_Networks
696346	Neural_Networks
28487	Reinforcement_Learning
5038	Theory
195150	Rule_Learning
62676	Reinforcement_Learning
13213	Reinforcement_Learning
576973	Genetic_Algorithms
35797	Neural_Networks
134128	Reinforcement_Learning
166825	Case_Based
175576	Theory
509379	Theory
1113084	Neural_Networks
53942	Theory
642621	Probabilistic_Methods
1131236	Probabilistic_Methods
1112369	Neural_Networks
446610	Neural_Networks
644093	Neural_Networks
411092	Theory
642641	Probabilistic_Methods
408885	Probabilistic_Methods
1131258	Probabilistic_Methods
1131267	Probabilistic_Methods
13269	Probabilistic_Methods
1104379	Genetic_Algorithms
1114502	Genetic_Algorithms
1107215	Case_Based
83725	Genetic_Algorithms
84459	Theory
642681	Probabilistic_Methods
445938	Neural_Networks
1103676	Probabilistic_Methods
1130568	Neural_Networks
1153003	Theory
51045	Probabilistic_Methods
12576	Genetic_Algorithms
144330	Theory
105865	Neural_Networks
51052	Probabilistic_Methods
746058	Neural_Networks
1153014	Probabilistic_Methods
641976	Neural_Networks
561789	Probabilistic_Methods
1130586	Neural_Networks
368605	Neural_Networks
1133428	Probabilistic_Methods
1113828	Neural_Networks
129042	Genetic_Algorithms
129045	Case_Based
6539	Theory
1153031	Neural_Networks
1122580	Theory
1132706	Neural_Networks
1152308	Case_Based
105899	Neural_Networks
50354	Neural_Networks
1121867	Theory
1113852	Theory
1153056	Probabilistic_Methods
94641	Genetic_Algorithms
1153065	Case_Based
1133469	Reinforcement_Learning
35070	Rule_Learning
576257	Genetic_Algorithms
368657	Neural_Networks
1129018	Genetic_Algorithms
263069	Genetic_Algorithms
1129027	Genetic_Algorithms
1152358	Genetic_Algorithms
1125467	Probabilistic_Methods
1125469	Probabilistic_Methods
72101	Neural_Networks
40922	Case_Based
1153097	Neural_Networks
1109439	Neural_Networks
423463	Probabilistic_Methods
128383	Case_Based
683360	Probabilistic_Methods
1129040	Genetic_Algorithms
52515	Probabilistic_Methods
41666	Theory
1128319	Case_Based
1152379	Theory
1136342	Genetic_Algorithms
1125492	Genetic_Algorithms
1108728	Case_Based
265203	Neural_Networks
628888	Neural_Networks
1127619	Rule_Learning
56112	Neural_Networks
56115	Genetic_Algorithms
56119	Reinforcement_Learning
89547	Theory
51831	Neural_Networks
91038	Probabilistic_Methods
96847	Genetic_Algorithms
521855	Probabilistic_Methods
594483	Genetic_Algorithms
1119623	Probabilistic_Methods
96851	Genetic_Algorithms
1136397	Neural_Networks
158172	Probabilistic_Methods
1127657	Rule_Learning
131315	Neural_Networks
131318	Genetic_Algorithms
289945	Neural_Networks
62718	Case_Based
229635	Genetic_Algorithms
56167	Case_Based
1119654	Theory
51879	Neural_Networks
10435	Case_Based
137873	Probabilistic_Methods
168332	Reinforcement_Learning
330208	Neural_Networks
689152	Theory
1120444	Case_Based
1153877	Case_Based
111770	Probabilistic_Methods
1153879	Neural_Networks
108047	Genetic_Algorithms
1131300	Probabilistic_Methods
362926	Genetic_Algorithms
129896	Probabilistic_Methods
129897	Probabilistic_Methods
59045	Theory
1153889	Case_Based
239810	Case_Based
20601	Rule_Learning
20602	Theory
416964	Neural_Networks
38722	Theory
72908	Rule_Learning
116081	Rule_Learning
1153897	Genetic_Algorithms
116084	Rule_Learning
116087	Rule_Learning
1113182	Reinforcement_Learning
1131330	Probabilistic_Methods
582139	Neural_Networks
561809	Probabilistic_Methods
14062	Genetic_Algorithms
1104449	Probabilistic_Methods
39474	Genetic_Algorithms
27895	Case_Based
167670	Theory
1131345	Neural_Networks
1131348	Neural_Networks
14083	Neural_Networks
1103737	Theory
65650	Theory
93273	Theory
65653	Theory
5194	Neural_Networks
14090	Neural_Networks
1131360	Genetic_Algorithms
1130634	Neural_Networks
976284	Theory
1130637	Reinforcement_Learning
593022	Genetic_Algorithms
1131374	Genetic_Algorithms
975567	Reinforcement_Learning
133550	Neural_Networks
145134	Neural_Networks
1130653	Case_Based
1130657	Rule_Learning
1104495	Case_Based
133566	Neural_Networks
133567	Neural_Networks
1122642	Neural_Networks
1114629	Reinforcement_Learning
91852	Case_Based
91853	Case_Based
376704	Neural_Networks
1153101	Rule_Learning
32276	Neural_Networks
1130678	Neural_Networks
83847	Neural_Networks
8079	Theory
593068	Genetic_Algorithms
285675	Neural_Networks
1130680	Neural_Networks
1106630	Neural_Networks
278394	Neural_Networks
285687	Theory
69284	Genetic_Algorithms
6639	Rule_Learning
14807	Neural_Networks
152483	Genetic_Algorithms
683404	Probabilistic_Methods
593091	Genetic_Algorithms
1117501	Genetic_Algorithms
99023	Neural_Networks
99025	Theory
513189	Genetic_Algorithms
1152421	Genetic_Algorithms
1153150	Rule_Learning
99030	Neural_Networks
1105932	Rule_Learning
1153160	Rule_Learning
1106671	Neural_Networks
531348	Probabilistic_Methods
577086	Genetic_Algorithms
531351	Probabilistic_Methods
25702	Neural_Networks
87482	Neural_Networks
135765	Rule_Learning
135766	Rule_Learning
1132864	Probabilistic_Methods
22886	Case_Based
1118286	Genetic_Algorithms
162664	Probabilistic_Methods
1109542	Neural_Networks
1116835	Neural_Networks
1116839	Case_Based
1103016	Neural_Networks
1128425	Neural_Networks
1116842	Theory
1136446	Neural_Networks
1136447	Neural_Networks
27199	Theory
1125597	Genetic_Algorithms
1132887	Probabilistic_Methods
593813	Genetic_Algorithms
594543	Genetic_Algorithms
917493	Neural_Networks
1128430	Probabilistic_Methods
51909	Case_Based
1108834	Neural_Networks
1128437	Theory
989397	Theory
97645	Genetic_Algorithms
8832	Case_Based
1103031	Probabilistic_Methods
346243	Case_Based
1119708	Genetic_Algorithms
36620	Case_Based
25772	Neural_Networks
640617	Genetic_Algorithms
8865	Genetic_Algorithms
950986	Neural_Networks
35905	Neural_Networks
8875	Genetic_Algorithms
25791	Reinforcement_Learning
100961	Neural_Networks
738941	Neural_Networks
64271	Case_Based
3084	Case_Based
3085	Case_Based
28649	Theory
3095	Case_Based
3097	Case_Based
1153943	Genetic_Algorithms
1121254	Neural_Networks
74427	Neural_Networks
231249	Genetic_Algorithms
1105221	Reinforcement_Learning
28674	Theory
1129907	Probabilistic_Methods
650807	Genetic_Algorithms
348437	Theory
1688	Genetic_Algorithms
33013	Probabilistic_Methods
38829	Case_Based
307015	Genetic_Algorithms
127033	Genetic_Algorithms
310742	Probabilistic_Methods
1694	Genetic_Algorithms
650834	Probabilistic_Methods
1131420	Neural_Networks
193918	Neural_Networks
85324	Neural_Networks
642827	Probabilistic_Methods
38845	Case_Based
193931	Neural_Networks
193932	Neural_Networks
4553	Rule_Learning
1116146	Case_Based
85352	Genetic_Algorithms
261040	Case_Based
145215	Case_Based
646412	Neural_Networks
1131464	Neural_Networks
1131466	Probabilistic_Methods
574264	Genetic_Algorithms
458439	Theory
57764	Theory
646440	Probabilistic_Methods
1111899	Case_Based
521252	Case_Based
1115471	Rule_Learning
1123493	Theory
601462	Genetic_Algorithms
421481	Probabilistic_Methods
385572	Neural_Networks
30934	Theory
84695	Neural_Networks
189566	Probabilistic_Methods
69397	Theory
6741	Reinforcement_Learning
177998	Genetic_Algorithms
395725	Probabilistic_Methods
61417	Rule_Learning
54129	Genetic_Algorithms
1118347	Neural_Networks
1106764	Rule_Learning
102406	Theory
75972	Rule_Learning
95579	Reinforcement_Learning
54132	Genetic_Algorithms
27243	Theory
1153262	Probabilistic_Methods
1153264	Case_Based
30973	Neural_Networks
1129208	Theory
1106771	Neural_Networks
27249	Theory
95586	Reinforcement_Learning
95588	Reinforcement_Learning
255233	Case_Based
6775	Neural_Networks
129287	Neural_Networks
27250	Theory
19231	Theory
1153275	Theory
1132948	Neural_Networks
1106789	Neural_Networks
95597	Reinforcement_Learning
6784	Theory
682815	Genetic_Algorithms
1153280	Genetic_Algorithms
148170	Genetic_Algorithms
263279	Rule_Learning
1116922	Rule_Learning
1152564	Case_Based
1118388	Case_Based
851968	Neural_Networks
3101	Case_Based
1129243	Reinforcement_Learning
170798	Case_Based
3112	Case_Based
503877	Genetic_Algorithms
17821	Neural_Networks
503883	Genetic_Algorithms
561238	Genetic_Algorithms
1110438	Neural_Networks
575795	Neural_Networks
1116974	Neural_Networks
272720	Neural_Networks
415693	Genetic_Algorithms
18582	Genetic_Algorithms
11325	Theory
11326	Theory
1103162	Reinforcement_Learning
1111186	Neural_Networks
578645	Rule_Learning
578646	Genetic_Algorithms
578649	Genetic_Algorithms
1121313	Case_Based
11335	Theory
1102442	Theory
11339	Neural_Networks
52784	Theory
11342	Theory
1130080	Neural_Networks
3191	Probabilistic_Methods
3192	Probabilistic_Methods
400455	Neural_Networks
1135899	Neural_Networks
591017	Rule_Learning
751408	Neural_Networks
1140230	Neural_Networks
1140231	Neural_Networks
1106052	Case_Based
70970	Genetic_Algorithms
67245	Neural_Networks
67246	Neural_Networks
205196	Neural_Networks
135130	Genetic_Algorithms
123556	Theory
645084	Probabilistic_Methods
1786	Reinforcement_Learning
66556	Genetic_Algorithms
1130808	Probabilistic_Methods
4649	Rule_Learning
582343	Case_Based
395075	Genetic_Algorithms
582349	Neural_Networks
20833	Theory
1131549	Genetic_Algorithms
58552	Neural_Networks
85449	Neural_Networks
49811	Theory
77438	Probabilistic_Methods
4660	Theory
66594	Theory
66596	Case_Based
314459	Neural_Networks
1116268	Neural_Networks
1103960	Neural_Networks
49843	Rule_Learning
1103969	Probabilistic_Methods
593240	Genetic_Algorithms
207395	Case_Based
593248	Genetic_Algorithms
943087	Neural_Networks
7532	Neural_Networks
7537	Case_Based
25181	Neural_Networks
25184	Neural_Networks
16437	Neural_Networks
1103985	Genetic_Algorithms
6814	Probabilistic_Methods
6818	Neural_Networks
1154042	Probabilistic_Methods
23738	Theory
1107558	Neural_Networks
137359	Neural_Networks
16451	Neural_Networks
318071	Case_Based
232860	Neural_Networks
1107572	Theory
49895	Rule_Learning
16474	Neural_Networks
1154076	Genetic_Algorithms
626999	Neural_Networks
137380	Rule_Learning
1119178	Case_Based
33904	Genetic_Algorithms
1119180	Case_Based
33907	Genetic_Algorithms
174418	Neural_Networks
70281	Neural_Networks
73119	Case_Based
9716	Theory
174425	Theory
416455	Genetic_Algorithms
18615	Neural_Networks
127940	Neural_Networks
1152663	Reinforcement_Learning
675649	Neural_Networks
1117760	Theory
1138091	Probabilistic_Methods
1152673	Neural_Networks
321004	Genetic_Algorithms
139547	Neural_Networks
45533	Neural_Networks
3217	Theory
1111240	Neural_Networks
523574	Theory
1110515	Genetic_Algorithms
73162	Probabilistic_Methods
52835	Neural_Networks
3220	Case_Based
3223	Probabilistic_Methods
1129367	Genetic_Algorithms
1129368	Genetic_Algorithms
1129369	Genetic_Algorithms
84021	Genetic_Algorithms
1127913	Probabilistic_Methods
3233	Probabilistic_Methods
3235	Theory
3236	Rule_Learning
562067	Neural_Networks
3240	Theory
92065	Neural_Networks
213246	Theory
911198	Neural_Networks
12158	Theory
20178	Case_Based
20179	Case_Based
80491	Neural_Networks
561364	Probabilistic_Methods
20180	Case_Based
245955	Neural_Networks
1102548	Case_Based
1817	Genetic_Algorithms
31043	Neural_Networks
1102550	Genetic_Algorithms
20193	Case_Based
1110579	Case_Based
213279	Probabilistic_Methods
1133010	Probabilistic_Methods
157761	Theory
31055	Neural_Networks
12194	Theory
1133028	Theory
578780	Genetic_Algorithms
12198	Theory
12199	Theory
90655	Neural_Networks
6130	Neural_Networks
337766	Case_Based
112787	Case_Based
1133047	Rule_Learning
1105428	Genetic_Algorithms
785678	Neural_Networks
644441	Probabilistic_Methods
672064	Neural_Networks
41216	Neural_Networks
1105433	Probabilistic_Methods
1113459	Reinforcement_Learning
55770	Case_Based
6163	Reinforcement_Learning
259701	Genetic_Algorithms
259702	Genetic_Algorithms
1131607	Neural_Networks
430329	Neural_Networks
643734	Theory
643735	Neural_Networks
656048	Case_Based
1131611	Neural_Networks
617575	Neural_Networks
1105450	Theory
15076	Theory
10793	Theory
1117049	Genetic_Algorithms
647315	Genetic_Algorithms
33231	Probabilistic_Methods
1116328	Theory
1104749	Reinforcement_Learning
594025	Genetic_Algorithms
315266	Probabilistic_Methods
643777	Neural_Networks
1130927	Neural_Networks
1132385	Theory
1108329	Case_Based
1130929	Neural_Networks
1104769	Rule_Learning
594047	Genetic_Algorithms
1130931	Neural_Networks
1130934	Probabilistic_Methods
141868	Case_Based
593329	Genetic_Algorithms
144701	Genetic_Algorithms
574462	Genetic_Algorithms
60170	Neural_Networks
120039	Theory
502574	Rule_Learning
293974	Probabilistic_Methods
1119216	Rule_Learning
1108363	Case_Based
191216	Neural_Networks
469504	Neural_Networks
358866	Probabilistic_Methods
1116397	Case_Based
191222	Neural_Networks
36145	Neural_Networks
1115677	Neural_Networks
577331	Genetic_Algorithms
31863	Theory
566488	Case_Based
358887	Probabilistic_Methods
6935	Case_Based
6939	Rule_Learning
197783	Neural_Networks
34708	Theory
1107674	Genetic_Algorithms
248119	Theory
318187	Rule_Learning
1152714	Neural_Networks
1154173	Probabilistic_Methods
300071	Probabilistic_Methods
1120020	Reinforcement_Learning
423816	Neural_Networks
1106966	Neural_Networks
148341	Genetic_Algorithms
136766	Case_Based
325497	Neural_Networks
136767	Theory
136768	Case_Based
409255	Neural_Networks
1152740	Neural_Networks
1117833	Case_Based
309476	Theory
1120059	Neural_Networks
80515	Neural_Networks
65212	Probabilistic_Methods
15892	Neural_Networks
1120084	Neural_Networks
576691	Genetic_Algorithms
148399	Theory
175291	Neural_Networks
1112071	Probabilistic_Methods
117	Reinforcement_Learning
157805	Theory
300806	Neural_Networks
31105	Neural_Networks
154982	Probabilistic_Methods
141160	Neural_Networks
112813	Case_Based
98693	Genetic_Algorithms
98698	Genetic_Algorithms
192734	Theory
12247	Theory
1109891	Neural_Networks
141171	Neural_Networks
312409	Neural_Networks
608190	Genetic_Algorithms
608191	Genetic_Algorithms
55801	Case_Based
1136791	Genetic_Algorithms
815073	Neural_Networks
1114222	Theory
173884	Probabilistic_Methods
1102646	Neural_Networks
63832	Genetic_Algorithms
211906	Theory
83449	Case_Based
2654	Theory
815096	Neural_Networks
277263	Theory
1105505	Theory
48550	Neural_Networks
83461	Theory
48555	Neural_Networks
6238	Theory
636500	Neural_Networks
340078	Neural_Networks
1113534	Neural_Networks
578898	Genetic_Algorithms
1951	Case_Based
1952	Case_Based
1956	Case_Based
636511	Neural_Networks
463825	Theory
1121569	Neural_Networks
1105531	Probabilistic_Methods
14428	Probabilistic_Methods
14429	Rule_Learning
74749	Theory
14430	Rule_Learning
14431	Case_Based
1132434	Neural_Networks
648121	Neural_Networks
582511	Theory
688849	Neural_Networks
1997	Theory
1131728	Theory
1106298	Theory
86359	Genetic_Algorithms
647413	Genetic_Algorithms
1120880	Neural_Networks
1131734	Genetic_Algorithms
562940	Case_Based
230879	Neural_Networks
1104851	Theory
1152075	Theory
58758	Genetic_Algorithms
230884	Probabilistic_Methods
34082	Probabilistic_Methods
1132486	Neural_Networks
39890	Probabilistic_Methods
66782	Theory
218410	Neural_Networks
647447	Genetic_Algorithms
1117184	Reinforcement_Learning
66794	Genetic_Algorithms
227178	Neural_Networks
936	Case_Based
940	Case_Based
575292	Genetic_Algorithms
941	Case_Based
1109185	Neural_Networks
85688	Neural_Networks
28202	Reinforcement_Learning
50807	Neural_Networks
379288	Neural_Networks
1154229	Probabilistic_Methods
1109199	Genetic_Algorithms
118682	Case_Based
153598	Reinforcement_Learning
1154251	Neural_Networks
62417	Neural_Networks
1125909	Probabilistic_Methods
79809	Theory
739280	Neural_Networks
70441	Case_Based
70442	Genetic_Algorithms
70444	Case_Based
79817	Probabilistic_Methods
129558	Case_Based
892139	Neural_Networks
576725	Genetic_Algorithms
28254	Neural_Networks
1246	Reinforcement_Learning
237376	Theory
27531	Neural_Networks
397488	Genetic_Algorithms
42847	Neural_Networks
42848	Genetic_Algorithms
155736	Theory
155738	Theory
39124	Theory
39127	Rule_Learning
39130	Theory
1153577	Genetic_Algorithms
335733	Genetic_Algorithms
28290	Case_Based
18815	Case_Based
1136814	Genetic_Algorithms
1120169	Theory
82087	Genetic_Algorithms
178209	Rule_Learning
139738	Neural_Networks
82090	Probabilistic_Methods
18834	Reinforcement_Learning
39165	Probabilistic_Methods
190698	Genetic_Algorithms
1125992	Case_Based
1109957	Reinforcement_Learning
46470	Theory
46476	Theory
1129570	Neural_Networks
1071981	Reinforcement_Learning
1129573	Genetic_Algorithms
39199	Neural_Networks
12337	Reinforcement_Learning
29723	Probabilistic_Methods
694759	Neural_Networks
46491	Case_Based
1128856	Rule_Learning
1107010	Case_Based
643199	Genetic_Algorithms
1104182	Theory
12347	Neural_Networks
63915	Neural_Networks
519353	Probabilistic_Methods
608292	Genetic_Algorithms
1121603	Neural_Networks
1130356	Reinforcement_Learning
12359	Neural_Networks
192850	Neural_Networks
7032	Neural_Networks
1128881	Theory
140569	Neural_Networks
1114331	Genetic_Algorithms
7041	Neural_Networks
561581	Probabilistic_Methods
561582	Probabilistic_Methods
192870	Neural_Networks
1113614	Neural_Networks
1102761	Case_Based
116528	Theory
561595	Probabilistic_Methods
94416	Theory
5600	Case_Based
1000012	Theory
1114364	Neural_Networks
1121659	Probabilistic_Methods
66809	Reinforcement_Learning
6343	Theory
212777	Rule_Learning
583318	Genetic_Algorithms
709518	Neural_Networks
350319	Probabilistic_Methods
116553	Genetic_Algorithms
170338	Reinforcement_Learning
179706	Neural_Networks
1112929	Neural_Networks
656231	Case_Based
14531	Probabilistic_Methods
1106370	Neural_Networks
1109208	Neural_Networks
1114398	Neural_Networks
95188	Case_Based
510718	Probabilistic_Methods
208345	Genetic_Algorithms
6378	Reinforcement_Learning
22563	Theory
10981	Neural_Networks
110041	Genetic_Algorithms
14549	Case_Based
95198	Case_Based
6385	Reinforcement_Learning
575331	Genetic_Algorithms
568045	Rule_Learning
1136110	Neural_Networks
1131828	Case_Based
67584	Probabilistic_Methods
243274	Neural_Networks
135464	Neural_Networks
1105672	Case_Based
93755	Neural_Networks
756061	Neural_Networks
522338	Probabilistic_Methods
219239	Theory
61073	Genetic_Algorithms
262178	Genetic_Algorithms
686015	Genetic_Algorithms
1110024	Case_Based
613409	Neural_Networks
686030	Neural_Networks
227286	Neural_Networks
45061	Theory
646836	Genetic_Algorithms
1108551	Theory
13885	Case_Based
1104999	Genetic_Algorithms
566653	Case_Based
1127430	Genetic_Algorithms
299197	Neural_Networks
1135455	Neural_Networks
97377	Case_Based
592826	Rule_Learning
566664	Case_Based
633030	Neural_Networks
633031	Neural_Networks
686061	Neural_Networks
592830	Case_Based
573964	Genetic_Algorithms
1155073	Rule_Learning
17476	Reinforcement_Learning
17477	Genetic_Algorithms
190706	Genetic_Algorithms
28336	Genetic_Algorithms
573978	Genetic_Algorithms
1107861	Theory
17488	Reinforcement_Learning
1128198	Genetic_Algorithms
1108597	Case_Based
103515	Genetic_Algorithms
27623	Reinforcement_Learning
200480	Neural_Networks
103529	Case_Based
649730	Neural_Networks
39210	Neural_Networks
46501	Theory
27632	Reinforcement_Learning
649739	Neural_Networks
1119471	Theory
103531	Case_Based
470511	Case_Based
509233	Theory
236759	Neural_Networks
237489	Neural_Networks
1152944	Reinforcement_Learning
1118764	Theory
643221	Probabilistic_Methods
212097	Probabilistic_Methods
608326	Genetic_Algorithms
643239	Probabilistic_Methods
1131116	Genetic_Algorithms
202639	Neural_Networks
141324	Genetic_Algorithms
294145	Rule_Learning
1128927	Theory
561610	Probabilistic_Methods
561611	Probabilistic_Methods
147870	Neural_Networks
248395	Neural_Networks
1128935	Theory
241133	Theory
141342	Genetic_Algorithms
141347	Genetic_Algorithms
1128946	Genetic_Algorithms
1131164	Probabilistic_Methods
12439	Neural_Networks
1131167	Probabilistic_Methods
1129683	Rule_Learning
359067	Case_Based
117315	Genetic_Algorithms
117316	Genetic_Algorithms
144212	Genetic_Algorithms
1106401	Theory
1134022	Neural_Networks
13193	Reinforcement_Learning
1131192	Probabilistic_Methods
1107136	Genetic_Algorithms
1131195	Neural_Networks
1128982	Genetic_Algorithms
121792	Neural_Networks
653441	Probabilistic_Methods
385251	Theory
1126011	Probabilistic_Methods
1134031	Neural_Networks
642593	Neural_Networks
1115166	Case_Based
737204	Neural_Networks
118079	Neural_Networks
1122460	Case_Based
1114442	Genetic_Algorithms
589923	Probabilistic_Methods
1121739	Neural_Networks
626574	Probabilistic_Methods
1126037	Neural_Networks
645452	Probabilistic_Methods
753264	Neural_Networks
1126044	Neural_Networks
74920	Probabilistic_Methods
74921	Probabilistic_Methods
1105718	Neural_Networks
48764	Genetic_Algorithms
48768	Genetic_Algorithms
1113742	Genetic_Algorithms
74937	Neural_Networks
575402	Genetic_Algorithms
168958	Probabilistic_Methods
78508	Genetic_Algorithms
289085	Neural_Networks
78511	Genetic_Algorithms
308232	Theory
682508	Probabilistic_Methods
75691	Neural_Networks
75693	Reinforcement_Learning
75694	Theory
155158	Rule_Learning
1105764	Reinforcement_Learning
1152259	Probabilistic_Methods
579008	Genetic_Algorithms
1128201	Case_Based
1133390	Theory
1118083	Neural_Networks
78549	Case_Based
604073	Neural_Networks
595056	Genetic_Algorithms
1118092	Theory
1125386	Rule_Learning
78552	Theory
78555	Neural_Networks
78557	Neural_Networks
646900	Genetic_Algorithms
595063	Genetic_Algorithms
648369	Neural_Networks
1128227	Genetic_Algorithms
89416	Probabilistic_Methods
578306	Neural_Networks
683294	Probabilistic_Methods
440815	Neural_Networks
126867	Case_Based
126868	Case_Based
72056	Neural_Networks
1119505	Genetic_Algorithms
1128256	Probabilistic_Methods
1108656	Case_Based
71336	Neural_Networks
1109392	Case_Based
40886	Neural_Networks
1115959	Neural_Networks
578347	Neural_Networks
284023	Neural_Networks
345340	Reinforcement_Learning
621555	Neural_Networks
118873	Neural_Networks
8687	Rule_Learning
226698	Neural_Networks
578365	Neural_Networks
1135589	Probabilistic_Methods
8696	Theory
1118823	Theory
411005	Neural_Networks
509315	Genetic_Algorithms
171954	Genetic_Algorithms
230300	Reinforcement_Learning
1105011	Probabilistic_Methods
1121057	Neural_Networks
592973	Genetic_Algorithms
592975	Genetic_Algorithms
48066	Theory
248431	Genetic_Algorithms
1121063	Case_Based
592986	Genetic_Algorithms
48075	Genetic_Algorithms
289885	Probabilistic_Methods
592993	Genetic_Algorithms
592996	Genetic_Algorithms
28489	Reinforcement_Learning
590022	Probabilistic_Methods
111676	Case_Based
13205	Reinforcement_Learning
13208	Reinforcement_Learning
102938	Neural_Networks
102939	Neural_Networks
416867	Theory
72805	Rule_Learning
574009	Genetic_Algorithms
294239	Neural_Networks
1131223	Neural_Networks
77108	Genetic_Algorithms
5064	Case_Based
5069	Case_Based
1131230	Probabilistic_Methods
40125	Probabilistic_Methods
1123215	Theory
20526	Reinforcement_Learning
20528	Neural_Networks
77112	Genetic_Algorithms
107251	Theory
107252	Theory
5075	Case_Based
126128	Neural_Networks
734406	Case_Based
40131	Neural_Networks
703953	Probabilistic_Methods
40135	Neural_Networks
1131257	Probabilistic_Methods
1123239	Neural_Networks
1129778	Genetic_Algorithms
662250	Neural_Networks
711994	Neural_Networks
273949	Neural_Networks
1131266	Probabilistic_Methods
1130539	Genetic_Algorithms
377303	Genetic_Algorithms
179180	Neural_Networks
1129798	Probabilistic_Methods
1114512	Rule_Learning
1110950	Case_Based
12558	Neural_Networks
853114	Neural_Networks
853115	Neural_Networks
853116	Neural_Networks
853118	Neural_Networks
1114526	Theory
212930	Neural_Networks
206371	Genetic_Algorithms
105856	Neural_Networks
463	Genetic_Algorithms
20592	Neural_Networks
51049	Probabilistic_Methods
20593	Neural_Networks
83746	Theory
124734	Theory
106590	Probabilistic_Methods
1133417	Probabilistic_Methods
1125402	Probabilistic_Methods
1153024	Probabilistic_Methods
853155	Neural_Networks
1118120	Neural_Networks
1105810	Case_Based
1113831	Genetic_Algorithms
646289	Probabilistic_Methods
1106546	Probabilistic_Methods
31479	Probabilistic_Methods
31483	Theory
31489	Neural_Networks
94639	Genetic_Algorithms
631015	Neural_Networks
645571	Probabilistic_Methods
1106568	Neural_Networks
430711	Neural_Networks
7296	Neural_Networks
1132731	Genetic_Algorithms
1153064	Rule_Learning
93923	Rule_Learning
1134197	Neural_Networks
87363	Genetic_Algorithms
395540	Probabilistic_Methods
395547	Neural_Networks
50381	Neural_Networks
1129015	Theory
126909	Probabilistic_Methods
143676	Neural_Networks
395553	Neural_Networks
752684	Neural_Networks
1129021	Genetic_Algorithms
19045	Genetic_Algorithms
631052	Neural_Networks
126912	Probabilistic_Methods
116790	Probabilistic_Methods
5869	Neural_Networks
579108	Neural_Networks
683355	Probabilistic_Methods
1105877	Probabilistic_Methods
59772	Neural_Networks
243483	Genetic_Algorithms
126926	Probabilistic_Methods
155277	Probabilistic_Methods
1128314	Genetic_Algorithms
1105887	Case_Based
1110209	Probabilistic_Methods
307656	Genetic_Algorithms
199571	Neural_Networks
1152394	Neural_Networks
60560	Neural_Networks
595193	Genetic_Algorithms
990075	Case_Based
119686	Neural_Networks
1154520	Neural_Networks
28504	Reinforcement_Learning
1154524	Rule_Learning
1154525	Rule_Learning
1129096	Reinforcement_Learning
1128369	Genetic_Algorithms
96845	Reinforcement_Learning
380341	Neural_Networks
8766	Neural_Networks
1110256	Probabilistic_Methods
55403	Case_Based
389715	Theory
1153816	Neural_Networks
131317	Neural_Networks
260979	Theory
264556	Neural_Networks
35852	Neural_Networks
1119671	Neural_Networks
1153853	Genetic_Algorithms
1112417	Probabilistic_Methods
1153860	Genetic_Algorithms
1153861	Neural_Networks
35863	Reinforcement_Learning
1121176	Case_Based
1131301	Probabilistic_Methods
1131305	Probabilistic_Methods
1105148	Reinforcement_Learning
134219	Genetic_Algorithms
671052	Neural_Networks
1131312	Probabilistic_Methods
156794	Probabilistic_Methods
1153896	Genetic_Algorithms
1153899	Genetic_Algorithms
167656	Theory
239829	Case_Based
1104435	Neural_Networks
187260	Case_Based
231198	Reinforcement_Learning
1131334	Probabilistic_Methods
1131335	Probabilistic_Methods
142268	Probabilistic_Methods
504	Probabilistic_Methods
506	Probabilistic_Methods
228990	Neural_Networks
228992	Neural_Networks
1132073	Rule_Learning
654326	Genetic_Algorithms
1116044	Case_Based
1131359	Genetic_Algorithms
643485	Probabilistic_Methods
654339	Genetic_Algorithms
1107319	Rule_Learning
132821	Neural_Networks
360028	Theory
214472	Theory
646334	Probabilistic_Methods
653628	Theory
1107325	Reinforcement_Learning
166989	Theory
1111788	Neural_Networks
151708	Probabilistic_Methods
118259	Reinforcement_Learning
32260	Theory
137130	Probabilistic_Methods
92589	Probabilistic_Methods
118260	Reinforcement_Learning
124828	Neural_Networks
141596	Neural_Networks
197452	Neural_Networks
646357	Theory
1153106	Neural_Networks
30817	Neural_Networks
642798	Probabilistic_Methods
1130676	Neural_Networks
1107355	Neural_Networks
1118209	Theory
987188	Neural_Networks
87417	Case_Based
23545	Rule_Learning
23546	Neural_Networks
1113926	Neural_Networks
94713	Probabilistic_Methods
1107367	Case_Based
987197	Theory
521183	Case_Based
1114664	Neural_Networks
69296	Genetic_Algorithms
51180	Theory
43165	Neural_Networks
1132815	Neural_Networks
1107385	Neural_Networks
100197	Neural_Networks
520471	Rule_Learning
215912	Neural_Networks
61312	Genetic_Algorithms
1129106	Case_Based
43186	Neural_Networks
1129111	Neural_Networks
41732	Neural_Networks
22869	Case_Based
9513	Theory
9515	Theory
119712	Genetic_Algorithms
270456	Probabilistic_Methods
5959	Rule_Learning
576362	Genetic_Algorithms
1153183	Probabilistic_Methods
22874	Case_Based
22875	Case_Based
22876	Case_Based
1124837	Probabilistic_Methods
1132857	Probabilistic_Methods
594511	Genetic_Algorithms
22883	Theory
238401	Theory
1136449	Neural_Networks
714208	Probabilistic_Methods
9559	Neural_Networks
135798	Rule_Learning
1152490	Neural_Networks
1109566	Neural_Networks
1103038	Theory
177115	Case_Based
523394	Neural_Networks
1128453	Genetic_Algorithms
1109581	Probabilistic_Methods
101660	Rule_Learning
101662	Neural_Networks
9581	Probabilistic_Methods
9586	Reinforcement_Learning
1135750	Theory
51934	Neural_Networks
762980	Neural_Networks
1153900	Neural_Networks
593859	Theory
714256	Probabilistic_Methods
8874	Case_Based
25794	Rule_Learning
75121	Case_Based
28632	Theory
1153922	Neural_Networks
1119742	Probabilistic_Methods
63549	Probabilistic_Methods
1138619	Genetic_Algorithms
1102364	Probabilistic_Methods
28640	Neural_Networks
28641	Theory
409725	Rule_Learning
292277	Genetic_Algorithms
606479	Genetic_Algorithms
1153942	Genetic_Algorithms
1153945	Genetic_Algorithms
1153946	Neural_Networks
709113	Rule_Learning
194609	Neural_Networks
90470	Probabilistic_Methods
820661	Neural_Networks
820662	Neural_Networks
1105231	Genetic_Algorithms
73712	Neural_Networks
54844	Theory
684972	Probabilistic_Methods
134314	Probabilistic_Methods
735303	Neural_Networks
824245	Neural_Networks
195361	Probabilistic_Methods
529165	Neural_Networks
1131414	Genetic_Algorithms
617378	Neural_Networks
1120563	Probabilistic_Methods
47570	Case_Based
684986	Probabilistic_Methods
735311	Genetic_Algorithms
187354	Rule_Learning
1132157	Probabilistic_Methods
58436	Genetic_Algorithms
278403	Neural_Networks
58453	Genetic_Algorithms
58454	Case_Based
206524	Rule_Learning
593104	Genetic_Algorithms
133628	Theory
46887	Theory
49720	Probabilistic_Methods
1131471	Neural_Networks
643597	Neural_Networks
1107418	Genetic_Algorithms
1129994	Neural_Networks
573535	Theory
814836	Rule_Learning
1119004	Neural_Networks
1134320	Probabilistic_Methods
1116181	Reinforcement_Learning
1108167	Theory
1108169	Neural_Networks
49753	Probabilistic_Methods
57773	Rule_Learning
7430	Reinforcement_Learning
521251	Case_Based
593155	Genetic_Algorithms
642894	Probabilistic_Methods
1126315	Neural_Networks
1108175	Case_Based
1059953	Theory
521269	Theory
1118302	Rule_Learning
1130780	Probabilistic_Methods
1134346	Probabilistic_Methods
1134348	Probabilistic_Methods
1135082	Neural_Networks
899085	Rule_Learning
124952	Probabilistic_Methods
240791	Neural_Networks
189571	Probabilistic_Methods
189572	Probabilistic_Methods
1126350	Theory
189574	Probabilistic_Methods
177993	Genetic_Algorithms
27230	Theory
1119078	Theory
128540	Genetic_Algorithms
308529	Reinforcement_Learning
54131	Genetic_Algorithms
75983	Neural_Networks
15670	Neural_Networks
33818	Genetic_Algorithms
95594	Reinforcement_Learning
6782	Theory
33823	Neural_Networks
25805	Theory
1153287	Reinforcement_Learning
596075	Case_Based
817774	Theory
18532	Neural_Networks
18536	Neural_Networks
235670	Neural_Networks
235678	Rule_Learning
235679	Rule_Learning
739707	Neural_Networks
17811	Genetic_Algorithms
503871	Neural_Networks
235683	Rule_Learning
1128531	Probabilistic_Methods
594649	Genetic_Algorithms
1128536	Theory
1102400	Theory
593921	Genetic_Algorithms
486840	Probabilistic_Methods
1127810	Neural_Networks
503893	Genetic_Algorithms
399370	Neural_Networks
387795	Genetic_Algorithms
220420	Genetic_Algorithms
593942	Genetic_Algorithms
8961	Theory
645016	Probabilistic_Methods
481073	Reinforcement_Learning
11337	Theory
578650	Genetic_Algorithms
1130069	Case_Based
1127851	Rule_Learning
124224	Probabilistic_Methods
37483	Case_Based
578669	Genetic_Algorithms
1127863	Neural_Networks
1135894	Probabilistic_Methods
645046	Probabilistic_Methods
22229	Reinforcement_Learning
149669	Probabilistic_Methods
365294	Reinforcement_Learning
169279	Neural_Networks
1138755	Neural_Networks
323128	Theory
22241	Genetic_Algorithms
156977	Neural_Networks
763010	Neural_Networks
1120650	Rule_Learning
1105344	Neural_Networks
59244	Rule_Learning
286500	Genetic_Algorithms
567005	Neural_Networks
644361	Probabilistic_Methods
644363	Probabilistic_Methods
154023	Neural_Networks
286513	Genetic_Algorithms
459206	Genetic_Algorithms
671269	Neural_Networks
1105360	Rule_Learning
1112650	Probabilistic_Methods
632796	Probabilistic_Methods
47682	Theory
47683	Case_Based
47684	Rule_Learning
4637	Theory
642920	Neural_Networks
634902	Genetic_Algorithms
459213	Genetic_Algorithms
459214	Genetic_Algorithms
634904	Genetic_Algorithms
459216	Reinforcement_Learning
20821	Rule_Learning
178718	Genetic_Algorithms
1108209	Genetic_Algorithms
1112665	Neural_Networks
1104647	Genetic_Algorithms
1140289	Neural_Networks
66563	Genetic_Algorithms
67292	Neural_Networks
66564	Genetic_Algorithms
154047	Theory
642930	Neural_Networks
654519	Genetic_Algorithms
178727	Genetic_Algorithms
1135108	Neural_Networks
593201	Genetic_Algorithms
162075	Neural_Networks
593209	Genetic_Algorithms
107569	Neural_Networks
1123530	Genetic_Algorithms
1135115	Neural_Networks
1132285	Neural_Networks
1131557	Genetic_Algorithms
162080	Neural_Networks
3932	Case_Based
593210	Genetic_Algorithms
118424	Neural_Networks
1135122	Neural_Networks
634938	Genetic_Algorithms
1131565	Neural_Networks
20857	Rule_Learning
118435	Neural_Networks
118436	Neural_Networks
643695	Probabilistic_Methods
1130847	Genetic_Algorithms
1111978	Probabilistic_Methods
1154012	Probabilistic_Methods
1108258	Case_Based
49844	Rule_Learning
49847	Rule_Learning
189620	Probabilistic_Methods
189623	Theory
1108267	Probabilistic_Methods
1050679	Genetic_Algorithms
634975	Genetic_Algorithms
1114838	Rule_Learning
577227	Genetic_Algorithms
28026	Case_Based
601561	Case_Based
24476	Probabilistic_Methods
1026	Genetic_Algorithms
95642	Reinforcement_Learning
270600	Neural_Networks
145384	Reinforcement_Learning
16461	Neural_Networks
35335	Neural_Networks
1138027	Genetic_Algorithms
1035	Reinforcement_Learning
1114864	Theory
1154068	Probabilistic_Methods
449841	Rule_Learning
1154071	Neural_Networks
1106854	Neural_Networks
210309	Probabilistic_Methods
801170	Genetic_Algorithms
251756	Neural_Networks
645870	Probabilistic_Methods
144679	Case_Based
1138043	Neural_Networks
86923	Neural_Networks
342802	Neural_Networks
1152633	Neural_Networks
711527	Rule_Learning
684372	Neural_Networks
216878	Theory
62274	Theory
72406	Theory
101811	Theory
246618	Genetic_Algorithms
1136631	Theory
1152676	Genetic_Algorithms
235776	Theory
57119	Genetic_Algorithms
119956	Neural_Networks
948147	Neural_Networks
739816	Neural_Networks
3222	Probabilistic_Methods
1117786	Rule_Learning
1110520	Neural_Networks
36802	Probabilistic_Methods
3232	Theory
3237	Neural_Networks
1111265	Neural_Networks
695284	Neural_Networks
37541	Neural_Networks
1110546	Genetic_Algorithms
71736	Probabilistic_Methods
1135955	Neural_Networks
12155	Theory
258259	Neural_Networks
1114118	Neural_Networks
606647	Genetic_Algorithms
12165	Theory
1110563	Neural_Networks
12169	Theory
1133004	Neural_Networks
1133008	Neural_Networks
1102567	Genetic_Algorithms
12195	Theory
28851	Genetic_Algorithms
644427	Probabilistic_Methods
1113438	Genetic_Algorithms
1121459	Case_Based
689439	Rule_Learning
633585	Probabilistic_Methods
31083	Neural_Networks
6152	Reinforcement_Learning
1119987	Case_Based
1114184	Neural_Networks
82664	Case_Based
82666	Neural_Networks
672070	Neural_Networks
672071	Neural_Networks
632874	Neural_Networks
1114192	Neural_Networks
644470	Probabilistic_Methods
5462	Neural_Networks
594011	Genetic_Algorithms
20924	Case_Based
1131634	Genetic_Algorithms
1120786	Probabilistic_Methods
1112767	Neural_Networks
180301	Probabilistic_Methods
160705	Neural_Networks
628458	Neural_Networks
628459	Neural_Networks
1130915	Neural_Networks
1116336	Probabilistic_Methods
390889	Neural_Networks
57922	Theory
594039	Reinforcement_Learning
13654	Neural_Networks
57932	Neural_Networks
73972	Case_Based
198443	Genetic_Algorithms
60159	Neural_Networks
101143	Case_Based
101145	Neural_Networks
763181	Neural_Networks
44121	Probabilistic_Methods
593328	Genetic_Algorithms
259772	Case_Based
189708	Probabilistic_Methods
60169	Neural_Networks
24530	Probabilistic_Methods
467383	Genetic_Algorithms
20972	Reinforcement_Learning
13686	Neural_Networks
152731	Neural_Networks
118558	Reinforcement_Learning
118559	Neural_Networks
1154123	Neural_Networks
1154124	Neural_Networks
1126503	Rule_Learning
40583	Probabilistic_Methods
95719	Neural_Networks
693143	Genetic_Algorithms
36131	Probabilistic_Methods
1123689	Probabilistic_Methods
6913	Probabilistic_Methods
256106	Neural_Networks
36140	Theory
1115670	Rule_Learning
1108389	Probabilistic_Methods
6923	Rule_Learning
6925	Case_Based
36162	Neural_Networks
62329	Neural_Networks
36167	Reinforcement_Learning
6941	Rule_Learning
245288	Reinforcement_Learning
62333	Neural_Networks
189774	Probabilistic_Methods
1133846	Neural_Networks
167205	Case_Based
62347	Neural_Networks
267003	Neural_Networks
1114992	Neural_Networks
1112026	Probabilistic_Methods
1119295	Rule_Learning
1111304	Reinforcement_Learning
964248	Probabilistic_Methods
45603	Genetic_Algorithms
1109830	Neural_Networks
1152761	Genetic_Algorithms
62389	Case_Based
444191	Neural_Networks
263482	Rule_Learning
263486	Rule_Learning
263498	Genetic_Algorithms
675756	Neural_Networks
1125895	Reinforcement_Learning
627024	Neural_Networks
12211	Theory
643069	Probabilistic_Methods
1112075	Neural_Networks
884094	Probabilistic_Methods
120817	Neural_Networks
1110628	Probabilistic_Methods
18770	Probabilistic_Methods
18773	Probabilistic_Methods
173863	Probabilistic_Methods
1130243	Probabilistic_Methods
1102625	Theory
63812	Case_Based
18781	Probabilistic_Methods
18785	Probabilistic_Methods
1129494	Neural_Networks
578845	Genetic_Algorithms
68115	Case_Based
293271	Theory
63835	Theory
1919	Probabilistic_Methods
164	Theory
293285	Theory
12275	Neural_Networks
1103383	Genetic_Algorithms
1114239	Genetic_Algorithms
6215	Reinforcement_Learning
288107	Theory
385067	Case_Based
1121537	Theory
1103394	Case_Based
6224	Reinforcement_Learning
2663	Neural_Networks
104840	Case_Based
632935	Probabilistic_Methods
1106236	Case_Based
375605	Genetic_Algorithms
1132406	Neural_Networks
28964	Probabilistic_Methods
308003	Case_Based
47839	Reinforcement_Learning
753070	Neural_Networks
563613	Neural_Networks
1132416	Neural_Networks
2695	Neural_Networks
2696	Neural_Networks
2698	Neural_Networks
1105530	Neural_Networks
1113551	Case_Based
688824	Neural_Networks
1138968	Genetic_Algorithms
1120858	Neural_Networks
40605	Probabilistic_Methods
1132443	Neural_Networks
1999	Theory
33325	Neural_Networks
644577	Probabilistic_Methods
66751	Theory
594119	Genetic_Algorithms
1132461	Neural_Networks
1115701	Probabilistic_Methods
1131741	Case_Based
270085	Neural_Networks
1136040	Neural_Networks
1131752	Genetic_Algorithms
1131754	Genetic_Algorithms
4878	Case_Based
1123756	Probabilistic_Methods
1135345	Neural_Networks
1107728	Reinforcement_Learning
1154232	Probabilistic_Methods
1154233	Probabilistic_Methods
17363	Neural_Networks
1213	Rule_Learning
149139	Neural_Networks
28230	Case_Based
50838	Reinforcement_Learning
1125906	Probabilistic_Methods
32698	Neural_Networks
754594	Neural_Networks
1133930	Rule_Learning
1115790	Neural_Networks
28249	Reinforcement_Learning
1237	Theory
684531	Neural_Networks
238099	Rule_Learning
131042	Neural_Networks
444240	Genetic_Algorithms
1112106	Neural_Networks
27535	Rule_Learning
28267	Case_Based
1120138	Probabilistic_Methods
1117920	Probabilistic_Methods
1125944	Probabilistic_Methods
1118658	Theory
263553	Neural_Networks
1125953	Probabilistic_Methods
114308	Case_Based
630817	Neural_Networks
687401	Neural_Networks
594900	Genetic_Algorithms
10174	Theory
73323	Case_Based
46431	Theory
202520	Probabilistic_Methods
15987	Probabilistic_Methods
10186	Rule_Learning
294030	Case_Based
675847	Neural_Networks
190697	Genetic_Algorithms
576795	Genetic_Algorithms
1125993	Neural_Networks
519318	Reinforcement_Learning
1120197	Theory
1152896	Theory
1122304	Neural_Networks
2702	Neural_Networks
1129572	Neural_Networks
1112194	Neural_Networks
29738	Probabilistic_Methods
1128868	Neural_Networks
633721	Probabilistic_Methods
630890	Neural_Networks
1123068	Case_Based
561568	Probabilistic_Methods
733534	Neural_Networks
1102751	Theory
1114336	Case_Based
1123087	Neural_Networks
6311	Theory
116512	Genetic_Algorithms
6318	Rule_Learning
7047	Case_Based
1123093	Rule_Learning
1103499	Probabilistic_Methods
151430	Theory
431206	Neural_Networks
372862	Rule_Learning
561593	Probabilistic_Methods
1106330	Case_Based
1105603	Neural_Networks
1132505	Neural_Networks
74821	Probabilistic_Methods
6344	Case_Based
116545	Genetic_Algorithms
733576	Neural_Networks
1112911	Genetic_Algorithms
1105622	Neural_Networks
1102794	Rule_Learning
262108	Probabilistic_Methods
116552	Genetic_Algorithms
41417	Case_Based
1140543	Neural_Networks
14529	Theory
1117219	Neural_Networks
1107095	Rule_Learning
1140548	Neural_Networks
523010	Probabilistic_Methods
42156	Neural_Networks
262121	Genetic_Algorithms
22564	Case_Based
14545	Neural_Networks
22566	Case_Based
1106388	Theory
429781	Theory
335042	Neural_Networks
219218	Neural_Networks
610529	Neural_Networks
250566	Neural_Networks
1104946	Theory
195792	Genetic_Algorithms
1152179	Neural_Networks
89308	Probabilistic_Methods
350373	Theory
628667	Neural_Networks
628668	Reinforcement_Learning
102061	Genetic_Algorithms
430574	Neural_Networks
1107808	Probabilistic_Methods
1110028	Theory
45052	Probabilistic_Methods
89335	Genetic_Algorithms
252715	Rule_Learning
4983	Genetic_Algorithms
646837	Genetic_Algorithms
1139009	Neural_Networks
252725	Rule_Learning
593544	Genetic_Algorithms
299195	Reinforcement_Learning
593559	Genetic_Algorithms
1108570	Theory
272345	Case_Based
593560	Genetic_Algorithms
70520	Reinforcement_Learning
131122	Neural_Networks
8591	Neural_Networks
217852	Case_Based
264347	Neural_Networks
7867	Genetic_Algorithms
27612	Theory
1152917	Probabilistic_Methods
28359	Reinforcement_Learning
103528	Case_Based
46500	Neural_Networks
27631	Case_Based
289779	Genetic_Algorithms
103537	Probabilistic_Methods
633081	Theory
255628	Neural_Networks
397590	Rule_Learning
1129610	Genetic_Algorithms
50980	Case_Based
28385	Reinforcement_Learning
427606	Neural_Networks
616336	Rule_Learning
1120252	Probabilistic_Methods
1152958	Neural_Networks
1152959	Neural_Networks
1385	Reinforcement_Learning
254923	Theory
34961	Case_Based
46547	Theory
13136	Neural_Networks
1131137	Case_Based
233106	Neural_Networks
561613	Neural_Networks
1131149	Neural_Networks
1104258	Neural_Networks
1152991	Probabilistic_Methods
447250	Neural_Networks
115188	Neural_Networks
102879	Case_Based
1131150	Neural_Networks
56708	Reinforcement_Learning
1128943	Genetic_Algorithms
134060	Theory
102884	Neural_Networks
1131163	Neural_Networks
4274	Case_Based
1131172	Probabilistic_Methods
767763	Theory
152226	Neural_Networks
152227	Theory
626530	Probabilistic_Methods
626531	Probabilistic_Methods
1131180	Probabilistic_Methods
1130454	Probabilistic_Methods
1131184	Neural_Networks
1128974	Genetic_Algorithms
1128975	Genetic_Algorithms
1128977	Genetic_Algorithms
1128978	Genetic_Algorithms
117328	Case_Based
24043	Neural_Networks
